Workbook

Sheet Dashboard
A1: NETFLIX — CONTENT OVERVIEW
A3: Interactive-style Excel dashboard | Practice dataset
A5: TOTAL TITLES | D5: MOVIES | G5: TV SHOWS | J5: AVG IMDb
A6: =Analysis!B2 -> 40 | D6: =Analysis!B3 -> 20 | G6: =Analysis!B4 -> 20 | J6: =Analysis!B5 -> 7.81

Sheet Netflix Data
A1: Title | B1: Type | C1: Genre | D1: Country | E1: Release Year | F1: Seasons | G1: IMDb Rating | H1: Episodes
A2: Stranger Things | B2: TV Show | C2: Sci-Fi | D2: United States | E2: 2016 | F2: 4 | G2: 8.7 | H2: 34
A3: Wednesday | B3: TV Show | C3: Comedy | D3: United States | E3: 2022 | F3: 2 | G3: 8 | H3: 16
A4: The Crown | B4: TV Show | C4: Drama | D4: United Kingdom | E4: 2016 | F4: 6 | G4: 8.6 | H4: 60
A5: Money Heist | B5: TV Show | C5: Crime | D5: Spain | E5: 2017 | F5: 5 | G5: 8.2 | H5: 41
A6: Bridgerton | B6: TV Show | C6: Romance | D6: United States | E6: 2020 | F6: 3 | G6: 7.4 | H6: 24
A7: Dark | B7: TV Show | C7: Sci-Fi | D7: Germany | E7: 2017 | F7: 3 | G7: 8.7 | H7: 26
A8: Squid Game | B8: TV Show | C8: Thriller | D8: South Korea | E8: 2021 | F8: 2 | G8: 8 | H8: 16
A9: Narcos | B9: TV Show | C9: Crime | D9: United States | E9: 2015 | F9: 3 | G9: 8.8 | H9: 30
A10: Black Mirror | B10: TV Show | C10: Sci-Fi | D10: United Kingdom | E10: 2011 | F10: 6 | G10: 8.7 | H10: 27
A11: The Witcher | B11: TV Show | C11: Fantasy | D11: United States | E11: 2019 | F11: 3 | G11: 8 | H11: 24
A12: Breaking Bad | B12: TV Show | C12: Crime | D12: United States | E12: 2008 | F12: 5 | G12: 9.5 | H12: 62
A13: Peaky Blinders | B13: TV Show | C13: Crime | D13: United Kingdom | E13: 2013 | F13: 6 | G13: 8.8 | H13: 36
... A41: The Sea Beast | B41: Movie | C41: Animation | D41: United States | E41: 2022 | F41: 1 | G41: 7 | H41: 1

Sheet Analysis
A1: Metric | B1: Value | D1: Type | E1: Titles | G1: Release Year | H1: Titles | J1: Genre | K1: Titles
A2: Total Titles | B2: =COUNTA('Netflix Data'!A2:A41) -> 40 | D2: Movie | E2: =COUNTIF('Netflix Data'!B2:B41,D2) -> 20 | G2: 2015 | H2: =COUNTIF('Netflix Data'!E2:E41,G2) -> 1 | J2: Action | K2: =COUNTIF('Netflix Data'!C2:C41,J2) -> 5
A3: Movies | B3: =COUNTIF('Netflix Data'!B2:B41,"Movie") -> 20 | D3: TV Show | E3: =COUNTIF('Netflix Data'!B2:B41,D3) -> 20 | G3: 2016 | H3: =COUNTIF('Netflix Data'!E2:E41,G3) -> 3 | J3: Animation | K3: =COUNTIF('Netflix Data'!C2:C41,J3) -> 2
A4: TV Shows | B4: =COUNTIF('Netflix Data'!B2:B41,"TV Show") -> 20 | G4: 2017 | H4: =COUNTIF('Netflix Data'!E2:E41,G4) -> 2 | J4: Comedy | K4: =COUNTIF('Netflix Data'!C2:C41,J4) -> 3
A5: Average IMDb Rating | B5: =AVERAGE('Netflix Data'!G2:G41) -> 7.81 | G5: 2018 | H5: =COUNTIF('Netflix Data'!E2:E41,G5) -> 3 | J5: Crime | K5: =COUNTIF('Netflix Data'!C2:C41,J5) -> 8
A6: Countries | B6: =SUMPRODUCT(1/COUNTIF('Netflix Data'!D2:D41,'Netflix Data'!D2:D41)) -> 8 | G6: 2019 | H6: =COUNTIF('Netflix Data'!E2:E41,G6) -> 6 | J6: Drama | K6: =COUNTIF('Netflix Data'!C2:C41,J6) -> 7
G7: 2020 | H7: =COUNTIF('Netflix Data'!E2:E41,G7) -> 4 | J7: Fantasy | K7: =COUNTIF('Netflix Data'!C2:C41,J7) -> 1
G8: 2021 | H8: =COUNTIF('Netflix Data'!E2:E41,G8) -> 3 | J8: Horror | K8: =COUNTIF('Netflix Data'!C2:C41,J8) -> 1
G9: 2022 | H9: =COUNTIF('Netflix Data'!E2:E41,G9) -> 9 | J9: Mystery | K9: =COUNTIF('Netflix Data'!C2:C41,J9) -> 4
G10: 2023 | H10: =COUNTIF('Netflix Data'!E2:E41,G10) -> 3 | J10: Romance | K10: =COUNTIF('Netflix Data'!C2:C41,J10) -> 1
G11: 2024 | H11: =COUNTIF('Netflix Data'!E2:E41,G11) -> 0 | J11: Sci-Fi | K11: =COUNTIF('Netflix Data'!C2:C41,J11) -> 4
J12: Thriller | K12: =COUNTIF('Netflix Data'!C2:C41,J12) -> 3
J13: War | K13: =COUNTIF('Netflix Data'!C2:C41,J13) -> 1
