Workbook

Sheet Pivot Data
A1: Date | B1: Region | C1: Product ID | D1: Units | E1: Unit Price | F1: Revenue
A2: 46027 | B2: North | C2: P001 | D2: 2 | E2: 65000 | F2: =D2*E2 -> 130000
A3: 46030 | B3: West | C3: P003 | D3: 10 | E3: 2500 | F3: =D3*E3 -> 25000
A4: 46034 | B4: South | C4: P005 | D4: 4 | E4: 12000 | F4: =D4*E4 -> 48000
A5: 46040 | B5: East | C5: P002 | D5: 8 | E5: 18000 | F5: =D5*E5 -> 144000
A6: 46056 | B6: North | C6: P004 | D6: 15 | E6: 1500 | F6: =D6*E6 -> 22500
A7: 46063 | B7: West | C7: P006 | D7: 5 | E7: 9000 | F7: =D7*E7 -> 45000
A8: 46067 | B8: South | C8: P007 | D8: 12 | E8: 3500 | F8: =D8*E8 -> 42000
A9: 46074 | B9: East | C9: P008 | D9: 3 | E9: 22000 | F9: =D9*E9 -> 66000
A10: 46083 | B10: North | C10: P002 | D10: 7 | E10: 18000 | F10: =D10*E10 -> 126000
A11: 46090 | B11: West | C11: P001 | D11: 3 | E11: 65000 | F11: =D11*E11 -> 195000
A12: 46096 | B12: South | C12: P003 | D12: 20 | E12: 2500 | F12: =D12*E12 -> 50000
A13: 46103 | B13: East | C13: P005 | D13: 6 | E13: 12000 | F13: =D13*E13 -> 72000
... A25: 46197 | B25: East | C25: P001 | D25: 2 | E25: 65000 | F25: =D25*E25 -> 130000

Sheet Pivot Table
A1: Region | B1: Sum of Units | C1: Sum of Revenue | D1: Average Revenue
A2: North | B2: =SUMIF('Pivot Data'!B2:B25,A2,'Pivot Data'!D2:D25) -> 37 | C2: =SUMIF('Pivot Data'!B2:B25,A2,'Pivot Data'!F2:F25) -> 516500 | D2: =AVERAGEIF('Pivot Data'!B2:B25,A2,'Pivot Data'!F2:F25) -> 86083.333
A3: West | B3: =SUMIF('Pivot Data'!B2:B25,A3,'Pivot Data'!D2:D25) -> 72 | C3: =SUMIF('Pivot Data'!B2:B25,A3,'Pivot Data'!F2:F25) -> 593000 | D3: =AVERAGEIF('Pivot Data'!B2:B25,A3,'Pivot Data'!F2:F25) -> 98833.333
A4: South | B4: =SUMIF('Pivot Data'!B2:B25,A4,'Pivot Data'!D2:D25) -> 74 | C4: =SUMIF('Pivot Data'!B2:B25,A4,'Pivot Data'!F2:F25) -> 309500 | D4: =AVERAGEIF('Pivot Data'!B2:B25,A4,'Pivot Data'!F2:F25) -> 51583.333
A5: East | B5: =SUMIF('Pivot Data'!B2:B25,A5,'Pivot Data'!D2:D25) -> 64 | C5: =SUMIF('Pivot Data'!B2:B25,A5,'Pivot Data'!F2:F25) -> 539500 | D5: =AVERAGEIF('Pivot Data'!B2:B25,A5,'Pivot Data'!F2:F25) -> 89916.667
A6: Grand Total | B6: =SUM(B2:B5) -> 247 | C6: =SUM(C2:C5) -> 1958500 | D6: =AVERAGE(C2:C5) -> 489625
